manifest_uri,system_number,title,theatre,city,country
https://api.bl.uk/metadata/iiif/ark:/81055/vdc_100022588857.0x000002/manifest.json,16661350,Covent Garden Theatre 1753-1779 (Vol. 1),Covent Garden Theatre,London,England
https://api.bl.uk/metadata/iiif/ark:/81055/vdc_100022588873.0x000002/manifest.json,16661350,Covent Garden Theatre 1753-1779 (Vol. 2),Covent Garden Theatre,London,England
https://api.bl.uk/metadata/iiif/ark:/81055/vdc_100022588789.0x000002/manifest.json,16661351,Covent Garden Theatre 1779-1781,Covent Garden Theatre,London,England
https://api.bl.uk/metadata/iiif/ark:/81055/vdc_100022588775.0x000002/manifest.json,16661352,Covent Garden Theatre 1781-1783,Covent Garden Theatre,London,England
https://api.bl.uk/metadata/iiif/ark:/81055/vdc_100022588781.0x000002/manifest.json,16661353,Covent Garden Theatre 1783-1785,Covent Garden Theatre,London,England
https://api.bl.uk/metadata/iiif/ark:/81055/vdc_100022588787.0x000002/manifest.json,16661354,Covent Garden Theatre 1785-1787,Covent Garden Theatre,London,England
https://api.bl.uk/metadata/iiif/ark:/81055/vdc_100022588825.0x000002/manifest.json,16661355,Covent Garden Theatre 1787-1789,Covent Garden Theatre,London,England
https://api.bl.uk/metadata/iiif/ark:/81055/vdc_100022588823.0x000002/manifest.json,16661356,Covent Garden Theatre 1789-1791,Covent Garden Theatre,London,England
https://api.bl.uk/metadata/iiif/ark:/81055/vdc_100022588805.0x000002/manifest.json,16661357,Covent Garden Theatre 1791-1793,Covent Garden Theatre,London,England
https://api.bl.uk/metadata/iiif/ark:/81055/vdc_100022588799.0x000002/manifest.json,16661358,Covent Garden Theatre 1793-1796,Covent Garden Theatre,London,England
https://api.bl.uk/metadata/iiif/ark:/81055/vdc_100022588821.0x000002/manifest.json,16661359,Covent Garden Theatre 1796-1798,Covent Garden Theatre,London,England
https://api.bl.uk/metadata/iiif/ark:/81055/vdc_100022588795.0x000002/manifest.json,16661360,Covent Garden Theatre 1798-1800,Covent Garden Theatre,London,England
https://api.bl.uk/metadata/iiif/ark:/81055/vdc_100022588801.0x000002/manifest.json,16661261,Covent Garden Theatre 1800-1802,Covent Garden Theatre,London,England
https://api.bl.uk/metadata/iiif/ark:/81055/vdc_100022589292.0x000002/manifest.json,16661262,Covent Garden Theatre 1802-1804,Covent Garden Theatre,London,England
https://api.bl.uk/metadata/iiif/ark:/81055/vdc_100022588827.0x000002/manifest.json,16661263,Covent Garden Theatre 1804-1806,Covent Garden Theatre,London,England
https://api.bl.uk/metadata/iiif/ark:/81055/vdc_100022588793.0x000002/manifest.json,16661264,Covent Garden Theatre 1806-1808,Covent Garden Theatre,London,England
https://api.bl.uk/metadata/iiif/ark:/81055/vdc_100022588855.0x000002/manifest.json,16661298,Covent Garden Theatre 1809-1811 (Vol. 1),Covent Garden Theatre,London,England
https://api.bl.uk/metadata/iiif/ark:/81055/vdc_100022588869.0x000002/manifest.json,16661298,Covent Garden Theatre 1809-1811 (Vol. 2),Covent Garden Theatre,London,England
https://api.bl.uk/metadata/iiif/ark:/81055/vdc_100022588803.0x000002/manifest.json,16661299,Covent Garden Theatre 1812-1814,Covent Garden Theatre,London,England
https://api.bl.uk/metadata/iiif/ark:/81055/vdc_100022588811.0x000002/manifest.json,16661267,Covent Garden Theatre 1815-1816,Covent Garden Theatre,London,England
https://api.bl.uk/metadata/iiif/ark:/81055/vdc_100022588791.0x000002/manifest.json,16661268,Covent Garden Theatre 1817-1818,Covent Garden Theatre,London,England
https://api.bl.uk/metadata/iiif/ark:/81055/vdc_100022588797.0x000002/manifest.json,16661269,Covent Garden Theatre 1817-1825,Covent Garden Theatre,London,England
https://api.bl.uk/metadata/iiif/ark:/81055/vdc_100022588807.0x000002/manifest.json,16661270,Covent Garden Theatre 1819-1820,Covent Garden Theatre,London,England
https://api.bl.uk/metadata/iiif/ark:/81055/vdc_100022588859.0x000002/manifest.json,16661300,Covent Garden Theatre 1821-1822,Covent Garden Theatre,London,England
https://api.bl.uk/metadata/iiif/ark:/81055/vdc_100022588889.0x000002/manifest.json,16661271,Covent Garden Theatre 1823-1824,Covent Garden Theatre,London,England
https://api.bl.uk/metadata/iiif/ark:/81055/vdc_100022588883.0x000002/manifest.json,16661272,Covent Garden Theatre 1825-1826,Covent Garden Theatre,London,England
https://api.bl.uk/metadata/iiif/ark:/81055/vdc_100022588879.0x000002/manifest.json,16661273,Covent Garden Theatre 1826-1830 (Vol. 1),Covent Garden Theatre,London,England
https://api.bl.uk/metadata/iiif/ark:/81055/vdc_100022588881.0x000002/manifest.json,16661273,Covent Garden Theatre 1826-1830 (Vol. 2),Covent Garden Theatre,London,England
https://api.bl.uk/metadata/iiif/ark:/81055/vdc_100022588891.0x000002/manifest.json,16661274,Covent Garden Theatre 1827-1831,Covent Garden Theatre,London,England
https://api.bl.uk/metadata/iiif/ark:/81055/vdc_100022588885.0x000002/manifest.json,16661301,Covent Garden Theatre 1829-1831 (Vol. 1),Covent Garden Theatre,London,England
https://api.bl.uk/metadata/iiif/ark:/81055/vdc_100022588887.0x000002/manifest.json,16661301,Covent Garden Theatre 1829-1831 (Vol. 2),Covent Garden Theatre,London,England
https://api.bl.uk/metadata/iiif/ark:/81055/vdc_100022588893.0x000002/manifest.json,16661302,Covent Garden Theatre 1831-1832 (Vol. 1),Covent Garden Theatre,London,England
https://api.bl.uk/metadata/iiif/ark:/81055/vdc_100022588897.0x000002/manifest.json,16661302,Covent Garden Theatre 1831-1832 (Vol. 2),Covent Garden Theatre,London,England
https://api.bl.uk/metadata/iiif/ark:/81055/vdc_100022588901.0x000002/manifest.json,16661303,Covent Garden Theatre 1832-1833,Covent Garden Theatre,London,England
https://api.bl.uk/metadata/iiif/ark:/81055/vdc_100022589010.0x000002/manifest.json,16661275,Covent Garden Theatre 1834-1835,Covent Garden Theatre,London,England
https://api.bl.uk/metadata/iiif/ark:/81055/vdc_100022588895.0x000002/manifest.json,16661276,Covent Garden Theatre 1834-1836 (Vol. 1),Covent Garden Theatre,London,England
https://api.bl.uk/metadata/iiif/ark:/81055/vdc_100022588899.0x000002/manifest.json,16661276,Covent Garden Theatre 1834-1836 (Vol. 2),Covent Garden Theatre,London,England
https://api.bl.uk/metadata/iiif/ark:/81055/vdc_100022588929.0x000002/manifest.json,16661304,Covent Garden Theatre 1840-1841,Covent Garden Theatre,London,England
https://api.bl.uk/metadata/iiif/ark:/81055/vdc_100022588745.0x000002/manifest.json,16661348,Drury Lane Theatre 1754-1813,Drury Lane Theatre,London,England
https://api.bl.uk/metadata/iiif/ark:/81055/vdc_100022588737.0x000002/manifest.json,16661349,Drury Lane Theatre 1763-1764,Drury Lane Theatre,London,England
https://api.bl.uk/metadata/iiif/ark:/81055/vdc_100022588691.0x000002/manifest.json,16661342,Drury Lane Theatre 1780-1785,Drury Lane Theatre,London,England
https://api.bl.uk/metadata/iiif/ark:/81055/vdc_100022588693.0x000002/manifest.json,16661343,Drury Lane Theatre 1785-1787,Drury Lane Theatre,London,England
https://api.bl.uk/metadata/iiif/ark:/81055/vdc_100022588689.0x000002/manifest.json,16661344,Drury Lane Theatre 1787-1794,Drury Lane Theatre,London,England
https://api.bl.uk/metadata/iiif/ark:/81055/vdc_100022588695.0x000002/manifest.json,16661345,Drury Lane Theatre 1794-1795,Drury Lane Theatre,London,England
https://api.bl.uk/metadata/iiif/ark:/81055/vdc_100022588703.0x000002/manifest.json,16661346,Drury Lane Theatre 1795-1797,Drury Lane Theatre,London,England
https://api.bl.uk/metadata/iiif/ark:/81055/vdc_100022588699.0x000002/manifest.json,16661347,Drury Lane Theatre 1797-1799,Drury Lane Theatre,London,England
https://api.bl.uk/metadata/iiif/ark:/81055/vdc_100022588701.0x000002/manifest.json,16661220,Drury Lane Theatre 1800-1802,Drury Lane Theatre,London,England
https://api.bl.uk/metadata/iiif/ark:/81055/vdc_100022588697.0x000002/manifest.json,16661221,Drury Lane Theatre 1802-1804,Drury Lane Theatre,London,England
https://api.bl.uk/metadata/iiif/ark:/81055/vdc_100022588705.0x000002/manifest.json,16661222,Drury Lane Theatre 1804-1806,Drury Lane Theatre,London,England
https://api.bl.uk/metadata/iiif/ark:/81055/vdc_100022588707.0x000002/manifest.json,16661223,Drury Lane Theatre 1806-1809,Drury Lane Theatre,London,England
https://api.bl.uk/metadata/iiif/ark:/81055/vdc_100022588711.0x000002/manifest.json,16661224,Drury Lane Theatre 1809-1812,Drury Lane Theatre,London,England
https://api.bl.uk/metadata/iiif/ark:/81055/vdc_100022588829.0x000002/manifest.json,16661226,Drury Lane Theatre 1813-1815 (Vol. 1),Drury Lane Theatre,London,England
https://api.bl.uk/metadata/iiif/ark:/81055/vdc_100022588841.0x000002/manifest.json,16661226,Drury Lane Theatre 1813-1815 (Vol. 2),Drury Lane Theatre,London,England
https://api.bl.uk/metadata/iiif/ark:/81055/vdc_100022588845.0x000002/manifest.json,16661244,Drury Lane Theatre 1814-1815 (Vol. 1),Drury Lane Theatre,London,England
https://api.bl.uk/metadata/iiif/ark:/81055/vdc_100022588851.0x000002/manifest.json,16661244,Drury Lane Theatre 1814-1815 (Vol. 2),Drury Lane Theatre,London,England
https://api.bl.uk/metadata/iiif/ark:/81055/vdc_100022588749.0x000002/manifest.json,16661245,Drury Lane Theatre 1814-1816,Drury Lane Theatre,London,England
https://api.bl.uk/metadata/iiif/ark:/81055/vdc_100022588769.0x000002/manifest.json,16661227,Drury Lane Theatre 1815-1817,Drury Lane Theatre,London,England
https://api.bl.uk/metadata/iiif/ark:/81055/vdc_100022588761.0x000002/manifest.json,16661246,Drury Lane Theatre 1816-1817,Drury Lane Theatre,London,England
https://api.bl.uk/metadata/iiif/ark:/81055/vdc_100022588759.0x000002/manifest.json,16661247,Drury Lane Theatre 1816-1818,Drury Lane Theatre,London,England
https://api.bl.uk/metadata/iiif/ark:/81055/vdc_100022588713.0x000002/manifest.json,16661228,Drury Lane Theatre 1817-1819,Drury Lane Theatre,London,England
https://api.bl.uk/metadata/iiif/ark:/81055/vdc_100022588837.0x000002/manifest.json,16661248,Drury Lane Theatre 1818-1820 (Vol. 1),Drury Lane Theatre,London,England
https://api.bl.uk/metadata/iiif/ark:/81055/vdc_100022588843.0x000002/manifest.json,16661248,Drury Lane Theatre 1818-1820 (Vol. 2),Drury Lane Theatre,London,England
https://api.bl.uk/metadata/iiif/ark:/81055/vdc_100022588743.0x000002/manifest.json,16661249,Drury Lane Theatre 1818-1821,Drury Lane Theatre,London,England
https://api.bl.uk/metadata/iiif/ark:/81055/vdc_100022588767.0x000002/manifest.json,16661229,Drury Lane Theatre 1819-1820,Drury Lane Theatre,London,England
https://api.bl.uk/metadata/iiif/ark:/81055/vdc_100022588717.0x000002/manifest.json,16661230,Drury Lane Theatre 1820-1821,Drury Lane Theatre,London,England
https://api.bl.uk/metadata/iiif/ark:/81055/vdc_100022588715.0x000002/manifest.json,16661231,Drury Lane Theatre 1821-1822 (Vol. 1),Drury Lane Theatre,London,England
https://api.bl.uk/metadata/iiif/ark:/81055/vdc_100022588809.0x000002/manifest.json,16661290,Drury Lane Theatre 1821-1822 (Vol. 2),Drury Lane Theatre,London,England
https://api.bl.uk/metadata/iiif/ark:/81055/vdc_100022588779.0x000002/manifest.json,16661250,Drury Lane Theatre 1821-1825,Drury Lane Theatre,London,England
https://api.bl.uk/metadata/iiif/ark:/81055/vdc_100022588723.0x000002/manifest.json,16661232,Drury Lane Theatre 1822-1823 (Vol. 1),Drury Lane Theatre,London,England
https://api.bl.uk/metadata/iiif/ark:/81055/vdc_100022588753.0x000002/manifest.json,16661251,Drury Lane Theatre 1822-1823 (Vol. 2),Drury Lane Theatre,London,England
https://api.bl.uk/metadata/iiif/ark:/81055/vdc_100022588725.0x000002/manifest.json,16661233,Drury Lane Theatre 1823-1824 (Vol. 1),Drury Lane Theatre,London,England
https://api.bl.uk/metadata/iiif/ark:/81055/vdc_100022588785.0x000002/manifest.json,16661291,Drury Lane Theatre 1823-1824 (Vol. 2),Drury Lane Theatre,London,England
https://api.bl.uk/metadata/iiif/ark:/81055/vdc_100022588739.0x000002/manifest.json,16661252,Drury Lane Theatre 1824-1825,Drury Lane Theatre,London,England
https://api.bl.uk/metadata/iiif/ark:/81055/vdc_100022588721.0x000002/manifest.json,16661234,Drury Lane Theatre 1824-1826,Drury Lane Theatre,London,England
https://api.bl.uk/metadata/iiif/ark:/81055/vdc_100022588747.0x000002/manifest.json,16661253,Drury Lane Theatre 1825-1826,Drury Lane Theatre,London,England
https://api.bl.uk/metadata/iiif/ark:/81055/vdc_100022588839.0x000002/manifest.json,16661254,Drury Lane Theatre 1825-1827 (Vol. 1),Drury Lane Theatre,London,England
https://api.bl.uk/metadata/iiif/ark:/81055/vdc_100022588849.0x000002/manifest.json,16661254,Drury Lane Theatre 1825-1827 (Vol. 2),Drury Lane Theatre,London,England
https://api.bl.uk/metadata/iiif/ark:/81055/vdc_100022588755.0x000002/manifest.json,16661292,Drury Lane Theatre 1826-1827 (Vol. 3),Drury Lane Theatre,London,England
https://api.bl.uk/metadata/iiif/ark:/81055/vdc_100022588833.0x000002/manifest.json,16661235,Drury Lane Theatre 1826-1829 (Vol. 1),Drury Lane Theatre,London,England
https://api.bl.uk/metadata/iiif/ark:/81055/vdc_100022588835.0x000002/manifest.json,16661235,Drury Lane Theatre 1826-1829 (Vol. 2),Drury Lane Theatre,London,England
https://api.bl.uk/metadata/iiif/ark:/81055/vdc_100022588871.0x000002/manifest.json,16661255,Drury Lane Theatre 1826-1829 (Vol. 3),Drury Lane Theatre,London,England
https://api.bl.uk/metadata/iiif/ark:/81055/vdc_100022588875.0x000002/manifest.json,16661255,Drury Lane Theatre 1826-1829 (Vol. 4),Drury Lane Theatre,London,England
https://api.bl.uk/metadata/iiif/ark:/81055/vdc_100022588741.0x000002/manifest.json,16661257,Drury Lane Theatre 1827-1828,Drury Lane Theatre,London,England
https://api.bl.uk/metadata/iiif/ark:/81055/vdc_100022588751.0x000002/manifest.json,16661258,Drury Lane Theatre 1828-1829 (Vol. 1),Drury Lane Theatre,London,England
https://api.bl.uk/metadata/iiif/ark:/81055/vdc_100022588813.0x000002/manifest.json,16661293,Drury Lane Theatre 1828-1829 (Vol. 2),Drury Lane Theatre,London,England
https://api.bl.uk/metadata/iiif/ark:/81055/vdc_100022588757.0x000002/manifest.json,16661259,Drury Lane Theatre 1829-1830,Drury Lane Theatre,London,England
https://api.bl.uk/metadata/iiif/ark:/81055/vdc_100022588847.0x000002/manifest.json,16661236,Drury Lane Theatre 1829-1832 (Vol. 1),Drury Lane Theatre,London,England
https://api.bl.uk/metadata/iiif/ark:/81055/vdc_100022589306.0x000002/manifest.json,16661236,Drury Lane Theatre 1829-1832 (Vol. 2),Drury Lane Theatre,London,England
https://api.bl.uk/metadata/iiif/ark:/81055/vdc_100022588765.0x000002/manifest.json,16661294,Drury Lane Theatre 1830-1831 (Vol. 1),Drury Lane Theatre,London,England
https://api.bl.uk/metadata/iiif/ark:/81055/vdc_100022588783.0x000002/manifest.json,16661260,Drury Lane Theatre 1830-1831 (Vol. 2),Drury Lane Theatre,London,England
https://api.bl.uk/metadata/iiif/ark:/81055/vdc_100022588853.0x000002/manifest.json,16661256,Drury Lane Theatre 1830-1832 (Vol. 1),Drury Lane Theatre,London,England
https://api.bl.uk/metadata/iiif/ark:/81055/vdc_100022588863.0x000002/manifest.json,16661256,Drury Lane Theatre 1830-1832 (Vol. 2),Drury Lane Theatre,London,England
https://api.bl.uk/metadata/iiif/ark:/81055/vdc_100022588719.0x000002/manifest.json,16661237,Drury Lane Theatre 1832-1834 (Vol. 1),Drury Lane Theatre,London,England
https://api.bl.uk/metadata/iiif/ark:/81055/vdc_100022588861.0x000002/manifest.json,16661295,Drury Lane Theatre 1832-1834 (Vol. 2),Drury Lane Theatre,London,England
https://api.bl.uk/metadata/iiif/ark:/81055/vdc_100022588877.0x000002/manifest.json,16661295,Drury Lane Theatre 1832-1834 (Vol. 3),Drury Lane Theatre,London,England
https://api.bl.uk/metadata/iiif/ark:/81055/vdc_100022588865.0x000002/manifest.json,16661296,Drury Lane Theatre 1833-1835 (Vol. 1),Drury Lane Theatre,London,England
https://api.bl.uk/metadata/iiif/ark:/81055/vdc_100022588867.0x000002/manifest.json,16661296,Drury Lane Theatre 1833-1835 (Vol. 2),Drury Lane Theatre,London,England
https://api.bl.uk/metadata/iiif/ark:/81055/vdc_100022588727.0x000002/manifest.json,16661238,Drury Lane Theatre 1834-1836,Drury Lane Theatre,London,England
https://api.bl.uk/metadata/iiif/ark:/81055/vdc_100022588763.0x000002/manifest.json,16661297,Drury Lane Theatre 1835-1836,Drury Lane Theatre,London,England
https://api.bl.uk/metadata/iiif/ark:/81055/vdc_100022588831.0x000002/manifest.json,16661239,Drury Lane Theatre 1836-1838 (Vol. 1),Drury Lane Theatre,London,England
https://api.bl.uk/metadata/iiif/ark:/81055/vdc_100022589308.0x000002/manifest.json,16661239,Drury Lane Theatre 1836-1838 (Vol. 2),Drury Lane Theatre,London,England
https://api.bl.uk/metadata/iiif/ark:/81055/vdc_100022588771.0x000002/manifest.json,16661240,Drury Lane Theatre 1838-1840,Drury Lane Theatre,London,England
https://api.bl.uk/metadata/iiif/ark:/81055/vdc_100022588773.0x000002/manifest.json,16661241,Drury Lane Theatre 1840-1841,Drury Lane Theatre,London,England
https://api.bl.uk/metadata/iiif/ark:/81055/vdc_100022588817.0x000002/manifest.json,16661242,Drury Lane Theatre 1842-1843,Drury Lane Theatre,London,England
https://api.bl.uk/metadata/iiif/ark:/81055/vdc_100022588731.0x000002/manifest.json,16661243,Drury Lane Theatre 1843-1844 (Vol. 1),Drury Lane Theatre,London,England
https://api.bl.uk/metadata/iiif/ark:/81055/vdc_100022588947.0x000002/manifest.json,16661306,Drury Lane Theatre 1843-1844 (Vol. 2),Drury Lane Theatre,London,England
https://api.bl.uk/metadata/iiif/ark:/81055/vdc_100022588943.0x000002/manifest.json,16661305,Drury Lane Theatre 1844-1845,Drury Lane Theatre,London,England
https://api.bl.uk/metadata/iiif/ark:/81055/vdc_100022588819.0x000002/manifest.json,16661265,Drury Lane Theatre 1849-1850,Drury Lane Theatre,London,England
https://api.bl.uk/metadata/iiif/ark:/81055/vdc_100022588777.0x000002/manifest.json,16661288,Drury Lane Theatre 1854,Drury Lane Theatre,London,England
https://api.bl.uk/metadata/iiif/ark:/81055/vdc_100022588815.0x000002/manifest.json,16661266,Drury Lane Theatre 1854-1855,Drury Lane Theatre,London,England
https://api.bl.uk/metadata/iiif/ark:/81055/vdc_100022588729.0x000002/manifest.json,16661286,Drury Lane Theatre 1855-1856,Drury Lane Theatre,London,England
https://api.bl.uk/metadata/iiif/ark:/81055/vdc_100022588733.0x000002/manifest.json,16661287,Drury Lane Theatre 1857-1859,Drury Lane Theatre,London,England
https://api.bl.uk/metadata/iiif/ark:/81055/vdc_100022588735.0x000002/manifest.json,16661289,Drury Lane Theatre 1859-1861,Drury Lane Theatre,London,England
https://api.bl.uk/metadata/iiif/ark:/81055/vdc_100022588709.0x000002/manifest.json,16661225,Drury Lane Theatre and Lyceum Theatre 1811-1813,Drury Lane Theatre and Lyceum Theatre,London,England
https://api.bl.uk/metadata/iiif/ark:/81055/vdc_100022588923.0x000002/manifest.json,16661361,Haymarket Theatre 1777-1780,Haymarket Theatre,London,England
https://api.bl.uk/metadata/iiif/ark:/81055/vdc_100022588911.0x000002/manifest.json,16661362,Haymarket Theatre 1781-1783,Haymarket Theatre,London,England
https://api.bl.uk/metadata/iiif/ark:/81055/vdc_100022588921.0x000002/manifest.json,16661363,Haymarket Theatre 1784-1786,Haymarket Theatre,London,England
https://api.bl.uk/metadata/iiif/ark:/81055/vdc_100022588915.0x000002/manifest.json,16661364,Haymarket Theatre 1787-1792,Haymarket Theatre,London,England
https://api.bl.uk/metadata/iiif/ark:/81055/vdc_100022588917.0x000002/manifest.json,16661365,Haymarket Theatre 1793-1794,Haymarket Theatre,London,England
https://api.bl.uk/metadata/iiif/ark:/81055/vdc_100022588905.0x000002/manifest.json,16661366,Haymarket Theatre 1794-1797,Haymarket Theatre,London,England
https://api.bl.uk/metadata/iiif/ark:/81055/vdc_100022588909.0x000002/manifest.json,16661367,Haymarket Theatre 1798-1802,Haymarket Theatre,London,England
https://api.bl.uk/metadata/iiif/ark:/81055/vdc_100022588913.0x000002/manifest.json,16661277,Haymarket Theatre 1803-1808,Haymarket Theatre,London,England
https://api.bl.uk/metadata/iiif/ark:/81055/vdc_100022589146.0x000002/manifest.json,16661384,Haymarket Theatre 1805-1830,Haymarket Theatre,London,England
https://api.bl.uk/metadata/iiif/ark:/81055/vdc_100022588919.0x000002/manifest.json,16661278,Haymarket Theatre 1809-1815,Haymarket Theatre,London,England
https://api.bl.uk/metadata/iiif/ark:/81055/vdc_100022588907.0x000002/manifest.json,16661279,Haymarket Theatre 1816-1822,Haymarket Theatre,London,England
https://api.bl.uk/metadata/iiif/ark:/81055/vdc_100022588903.0x000002/manifest.json,16661280,Haymarket Theatre 1817-1824 (Vol. 1),Haymarket Theatre,London,England
https://api.bl.uk/metadata/iiif/ark:/81055/vdc_100022589008.0x000002/manifest.json,16661280,Haymarket Theatre 1817-1824 (Vol. 2),Haymarket Theatre,London,England
https://api.bl.uk/metadata/iiif/ark:/81055/vdc_100022588933.0x000002/manifest.json,16661281,Haymarket Theatre 1823-1826 (Vol. 1),Haymarket Theatre,London,England
https://api.bl.uk/metadata/iiif/ark:/81055/vdc_100022588939.0x000002/manifest.json,16661281,Haymarket Theatre 1823-1826 (Vol. 2),Haymarket Theatre,London,England
https://api.bl.uk/metadata/iiif/ark:/81055/vdc_100022588925.0x000002/manifest.json,16661282,Haymarket Theatre 1827-1829 (Vol. 1),Haymarket Theatre,London,England
https://api.bl.uk/metadata/iiif/ark:/81055/vdc_100022588927.0x000002/manifest.json,16661282,Haymarket Theatre 1827-1829 (Vol. 2),Haymarket Theatre,London,England
https://api.bl.uk/metadata/iiif/ark:/81055/vdc_100022588931.0x000002/manifest.json,16661283,Haymarket Theatre 1831-1836 (Vol. 1),Haymarket Theatre,London,England
https://api.bl.uk/metadata/iiif/ark:/81055/vdc_100022588937.0x000002/manifest.json,16661283,Haymarket Theatre 1831-1836 (Vol. 2),Haymarket Theatre,London,England
https://api.bl.uk/metadata/iiif/ark:/81055/vdc_100022588935.0x000002/manifest.json,16661284,Haymarket Theatre 1832-1836 (Vol. 1),Haymarket Theatre,London,England
https://api.bl.uk/metadata/iiif/ark:/81055/vdc_100022588941.0x000002/manifest.json,16661284,Haymarket Theatre 1832-1836 (Vol. 2),Haymarket Theatre,London,England
https://api.bl.uk/metadata/iiif/ark:/81055/vdc_100022588949.0x000002/manifest.json,16661307,Haymarket Theatre 1837-1839 (Vol. 1),Haymarket Theatre,London,England
https://api.bl.uk/metadata/iiif/ark:/81055/vdc_100022588951.0x000002/manifest.json,16661307,Haymarket Theatre 1837-1839 (Vol. 2),Haymarket Theatre,London,England
https://api.bl.uk/metadata/iiif/ark:/81055/vdc_100022588959.0x000002/manifest.json,16661308,Haymarket Theatre 1837-1839 (Vol. 3),Haymarket Theatre,London,England
https://api.bl.uk/metadata/iiif/ark:/81055/vdc_100022588963.0x000002/manifest.json,16661308,Haymarket Theatre 1837-1839 (Vol. 4),Haymarket Theatre,London,England
https://api.bl.uk/metadata/iiif/ark:/81055/vdc_100022588953.0x000002/manifest.json,16661310,Haymarket Theatre 1840-1841 (Vol. 1),Haymarket Theatre,London,England
https://api.bl.uk/metadata/iiif/ark:/81055/vdc_100022588955.0x000002/manifest.json,16661310,Haymarket Theatre 1840-1841 (Vol. 2),Haymarket Theatre,London,England
https://api.bl.uk/metadata/iiif/ark:/81055/vdc_100022588957.0x000002/manifest.json,16661309,Haymarket Theatre 1840-1841 (Vol. 3),Haymarket Theatre,London,England
https://api.bl.uk/metadata/iiif/ark:/81055/vdc_100022589294.0x000002/manifest.json,16661309,Haymarket Theatre 1840-1841 (Vol. 4),Haymarket Theatre,London,England
https://api.bl.uk/metadata/iiif/ark:/81055/vdc_100022588945.0x000002/manifest.json,16661311,Haymarket Theatre 1842-1843 (Vol. 1),Haymarket Theatre,London,England
https://api.bl.uk/metadata/iiif/ark:/81055/vdc_100022588961.0x000002/manifest.json,16661311,Haymarket Theatre 1842-1843 (Vol. 2),Haymarket Theatre,London,England
https://api.bl.uk/metadata/iiif/ark:/81055/vdc_100022588971.0x000002/manifest.json,16661313,Haymarket Theatre 1844-1845 (Vol. 1),Haymarket Theatre,London,England
https://api.bl.uk/metadata/iiif/ark:/81055/vdc_100022588975.0x000002/manifest.json,16661312,Haymarket Theatre 1844-1845 (Vol. 2),Haymarket Theatre,London,England
https://api.bl.uk/metadata/iiif/ark:/81055/vdc_100022588979.0x000002/manifest.json,16661313,Haymarket Theatre 1844-1845 (Vol. 3),Haymarket Theatre,London,England
https://api.bl.uk/metadata/iiif/ark:/81055/vdc_100022589006.0x000002/manifest.json,16661312,Haymarket Theatre 1844-1845 (Vol. 4),Haymarket Theatre,London,England
https://api.bl.uk/metadata/iiif/ark:/81055/vdc_100022588967.0x000002/manifest.json,16661314,Haymarket Theatre 1846-1847 (Vol. 1),Haymarket Theatre,London,England
https://api.bl.uk/metadata/iiif/ark:/81055/vdc_100022588973.0x000002/manifest.json,16661314,Haymarket Theatre 1846-1847 (Vol. 2),Haymarket Theatre,London,England
https://api.bl.uk/metadata/iiif/ark:/81055/vdc_100022588965.0x000002/manifest.json,16661315,Haymarket Theatre 1848-1849 (Vol. 1),Haymarket Theatre,London,England
https://api.bl.uk/metadata/iiif/ark:/81055/vdc_100022588977.0x000002/manifest.json,16661315,Haymarket Theatre 1848-1849 (Vol. 2),Haymarket Theatre,London,England
https://api.bl.uk/metadata/iiif/ark:/81055/vdc_100022588969.0x000002/manifest.json,16661316,Haymarket Theatre 1854-1868 (Vol. 1),Haymarket Theatre,London,England
https://api.bl.uk/metadata/iiif/ark:/81055/vdc_100022588981.0x000002/manifest.json,16661316,Haymarket Theatre 1854-1868 (Vol. 2),Haymarket Theatre,London,England
https://api.bl.uk/metadata/iiif/ark:/81055/vdc_100022588983.0x000002/manifest.json,16661316,Haymarket Theatre 1854-1868 (Vol. 3),Haymarket Theatre,London,England
https://api.bl.uk/metadata/iiif/ark:/81055/vdc_100022589296.0x000002/manifest.json,16661404,Lyceum Theatre 1809-1821,Lyceum Theatre,London,England
https://api.bl.uk/metadata/iiif/ark:/81055/vdc_100022589152.0x000002/manifest.json,16661405,Lyceum Theatre 1822-1826,Lyceum Theatre,London,England
https://api.bl.uk/metadata/iiif/ark:/81055/vdc_100022588985.0x000002/manifest.json,16661317,Lyceum Theatre 1836-1840 (Vol. 1),Lyceum Theatre,London,England
https://api.bl.uk/metadata/iiif/ark:/81055/vdc_100022588989.0x000002/manifest.json,16661317,Lyceum Theatre 1836-1840 (Vol. 2),Lyceum Theatre,London,England
https://api.bl.uk/metadata/iiif/ark:/81055/vdc_100022588991.0x000002/manifest.json,16661318,Lyceum Theatre 1848-1849 (Vol. 1),Lyceum Theatre,London,England
https://api.bl.uk/metadata/iiif/ark:/81055/vdc_100022588995.0x000002/manifest.json,16661318,Lyceum Theatre 1848-1849 (Vol. 2),Lyceum Theatre,London,England
https://api.bl.uk/metadata/iiif/ark:/81055/vdc_100022588987.0x000002/manifest.json,16661319,Lyceum Theatre 1850-1851 (Vol. 1),Lyceum Theatre,London,England
https://api.bl.uk/metadata/iiif/ark:/81055/vdc_100022589003.0x000002/manifest.json,16661319,Lyceum Theatre 1850-1851 (Vol. 2),Lyceum Theatre,London,England
https://api.bl.uk/metadata/iiif/ark:/81055/vdc_100022589038.0x000002/manifest.json,16661368,Miscellaneous Birmingham theatres 1774-1800,Birmingham theatres,Birmingham,England
https://api.bl.uk/metadata/iiif/ark:/81055/vdc_100022589046.0x000002/manifest.json,16661330,Miscellaneous Birmingham theatres 1801-1805 (Vol. 1),Birmingham theatres,Birmingham,England
https://api.bl.uk/metadata/iiif/ark:/81055/vdc_100022589050.0x000002/manifest.json,16661330,Miscellaneous Birmingham theatres 1801-1805 (Vol. 2),Birmingham theatres,Birmingham,England
https://api.bl.uk/metadata/iiif/ark:/81055/vdc_100022589068.0x000002/manifest.json,16661339,Miscellaneous Edinburgh theatres 1840-1846,Edinburgh theatres,Edinburgh,England
https://api.bl.uk/metadata/iiif/ark:/81055/vdc_100022589178.0x000002/manifest.json,16661397,Miscellaneous Hull theatres 1820-1828,Hull theatres,Hull,England
https://api.bl.uk/metadata/iiif/ark:/81055/vdc_100022589012.0x000002/manifest.json,16661323,Miscellaneous London theatres 1807-1857 (Vol. 1),Miscellaneous London theatres,London,England
https://api.bl.uk/metadata/iiif/ark:/81055/vdc_100022589017.0x000002/manifest.json,16661323,Miscellaneous London theatres 1807-1857 (Vol. 2),Miscellaneous London theatres,London,England
https://api.bl.uk/metadata/iiif/ark:/81055/vdc_100022589094.0x000002/manifest.json,16661371,Miscellaneous Newcastle-upon-Tyne theatres 1791-1855 (Vol. 1),Miscellaneous Newcastle-upon-Tyne theatres,Newcastle-upon-Tyne,England
https://api.bl.uk/metadata/iiif/ark:/81055/vdc_100022589304.0x000002/manifest.json,16661371,Miscellaneous Newcastle-upon-Tyne theatres 1791-1855 (Vol. 2),Miscellaneous Newcastle-upon-Tyne theatres,Newcastle-upon-Tyne,England
https://api.bl.uk/metadata/iiif/ark:/81055/vdc_100022589154.0x000002/manifest.json,16661408,Miscellaneous Nottingham theatres 1806-1831,Miscellaneous Nottingham theatres,Nottingham,England
https://api.bl.uk/metadata/iiif/ark:/81055/vdc_100022589092.0x000002/manifest.json,16661372,Miscellaneous Plymouth theatres 1796-1882 (Vol. 1),Miscellaneous Plymouth theatres,Plymouth,England
https://api.bl.uk/metadata/iiif/ark:/81055/vdc_100022589096.0x000002/manifest.json,16661372,Miscellaneous Plymouth theatres 1796-1882 (Vol. 2),Miscellaneous Plymouth theatres,Plymouth,England
https://api.bl.uk/metadata/iiif/ark:/81055/vdc_100022589114.0x000002/manifest.json,16661375,Miscellaneous theatres: Chideock - Deptford 1790-1853 (Vol. 1),Miscellaneous theatres: Chideock - Deptford,Chideock - Deptford,England
https://api.bl.uk/metadata/iiif/ark:/81055/vdc_100022589120.0x000002/manifest.json,16661375,Miscellaneous theatres: Chideock - Deptford 1790-1853 (Vol. 2),Miscellaneous theatres: Chideock - Deptford,Chideock - Deptford,England
https://api.bl.uk/metadata/iiif/ark:/81055/vdc_100022589104.0x000002/manifest.json,16661376,Miscellaneous theatres: Derby - Drogheda 1792-1852 (Vol. 1),Miscellaneous theatres: Derby - Drogheda,Derby - Drogheda,England
https://api.bl.uk/metadata/iiif/ark:/81055/vdc_100022589112.0x000002/manifest.json,16661376,Miscellaneous theatres: Derby - Drogheda 1792-1852 (Vol. 2),Miscellaneous theatres: Derby - Drogheda,Derby - Drogheda,England
https://api.bl.uk/metadata/iiif/ark:/81055/vdc_100022589102.0x000002/manifest.json,16661382,Miscellaneous theatres: Huddersfield - Ledbury 1783-1864 (Vol. 1),Miscellaneous theatres: Huddersfield - Ledbury,Huddersfield - Ledbury,England
https://api.bl.uk/metadata/iiif/ark:/81055/vdc_100022589128.0x000002/manifest.json,16661382,Miscellaneous theatres: Huddersfield - Ledbury 1783-1864 (Vol. 2),Miscellaneous theatres: Huddersfield - Ledbury,Huddersfield - Ledbury,England
https://api.bl.uk/metadata/iiif/ark:/81055/vdc_100022589132.0x000002/manifest.json,16661383,Miscellaneous theatres: Nottingham - Oswestry 1755-1848 (Vol. 1),Miscellaneous theatres: Nottingham - Oswestry,Nottingham - Oswestry,England
https://api.bl.uk/metadata/iiif/ark:/81055/vdc_100022589134.0x000002/manifest.json,16661383,Miscellaneous theatres: Nottingham - Oswestry 1755-1848 (Vol. 2),Miscellaneous theatres: Nottingham - Oswestry,Nottingham - Oswestry,England
https://api.bl.uk/metadata/iiif/ark:/81055/vdc_100022589116.0x000002/manifest.json,16661377,Miscellaneous theatres: Pittenweem - Sandwich 1777-1855 (Vol. 1),Miscellaneous theatres: Pittenweem - Sandwich,Pittenweem - Sandwich,England
https://api.bl.uk/metadata/iiif/ark:/81055/vdc_100022589118.0x000002/manifest.json,16661377,Miscellaneous theatres: Pittenweem - Sandwich 1777-1855 (Vol. 2),Miscellaneous theatres: Pittenweem - Sandwich,Pittenweem - Sandwich,England
https://api.bl.uk/metadata/iiif/ark:/81055/vdc_100022589110.0x000002/manifest.json,16661378,Miscellaneous theatres: Shepton Mallet - Shrewsbury 1791-1847,Miscellaneous theatres: Shepton Mallet - Shrewsbury,Shepton Mallet - Shrewsbury,England
https://api.bl.uk/metadata/iiif/ark:/81055/vdc_100022589106.0x000002/manifest.json,16661379,Miscellaneous theatres: Skipton - Stirling 1797-1848,Miscellaneous theatres: Skipton - Stirling,Skipton - Stirling,England
https://api.bl.uk/metadata/iiif/ark:/81055/vdc_100022589108.0x000002/manifest.json,16661380,Miscellaneous theatres: Stroud - Tullamore 1788-1848 (Vol. 1),Miscellaneous theatres: Stroud - Tullamore,Stroud - Tullamore,England
https://api.bl.uk/metadata/iiif/ark:/81055/vdc_100022589122.0x000002/manifest.json,16661380,Miscellaneous theatres: Stroud - Tullamore 1788-1848 (Vol. 2),Miscellaneous theatres: Stroud - Tullamore,Stroud - Tullamore,England
https://api.bl.uk/metadata/iiif/ark:/81055/vdc_100022589124.0x000002/manifest.json,16661381,Miscellaneous theatres: Waterford - Winchester 1787-1852,Miscellaneous theatres: Waterford - Winchester,Waterford - Winchester,England
https://api.bl.uk/metadata/iiif/ark:/81055/vdc_100022589290.0x000002/manifest.json,16661401,Miscellaneous Tyneside and London theatres 1821-1836,Miscellaneous Tyneside and London theatres,Tyneside and London,England
https://api.bl.uk/metadata/iiif/ark:/81055/vdc_100022589174.0x000002/manifest.json,16661400,Miscellaneous Tyneside theatres 1816-1827,Miscellaneous Tyneside theatres,Tyneside,England
https://api.bl.uk/metadata/iiif/ark:/81055/vdc_100022589100.0x000002/manifest.json,16661374,Miscellaneous Wolverhampton theatres 1794-1819,Miscellaneous Wolverhampton theatres,Wolverhampton,England
https://api.bl.uk/metadata/iiif/ark:/81055/vdc_100022589136.0x000002/manifest.json,16661394,"New Theatre Royal, Hull 1810-1811","New Theatre Royal, Hull",Hull,England
https://api.bl.uk/metadata/iiif/ark:/81055/vdc_100022589022.0x000002/manifest.json,16661324,Old Vic Theatre 1824-1833,Old Vic Theatre,London,England
https://api.bl.uk/metadata/iiif/ark:/81055/vdc_100022589015.0x000002/manifest.json,16661325,Old Vic Theatre 1834-1840,Old Vic Theatre,London,England
https://api.bl.uk/metadata/iiif/ark:/81055/vdc_100022589176.0x000002/manifest.json,16661406,Olympic Theatre 1815-1831,Olympic Theatre,London,England
https://api.bl.uk/metadata/iiif/ark:/81055/vdc_100022589148.0x000002/manifest.json,16661407,Olympic Theatre 1832-1834,Olympic Theatre,London,England
https://api.bl.uk/metadata/iiif/ark:/81055/vdc_100022588997.0x000002/manifest.json,16661320,Princess's Theatre 1840-1844 (Vol. 1),Princess's Theatre,London,England
https://api.bl.uk/metadata/iiif/ark:/81055/vdc_100022589001.0x000002/manifest.json,16661320,Princess's Theatre 1840-1844 (Vol. 2),Princess's Theatre,London,England
https://api.bl.uk/metadata/iiif/ark:/81055/vdc_100022588993.0x000002/manifest.json,16661321,Princess's Theatre 1856-1860 (Vol. 1),Princess's Theatre,London,England
https://api.bl.uk/metadata/iiif/ark:/81055/vdc_100022588999.0x000002/manifest.json,16661321,Princess's Theatre 1856-1860 (Vol. 2),Princess's Theatre,London,England
https://api.bl.uk/metadata/iiif/ark:/81055/vdc_100022589288.0x000002/manifest.json,16661322,St. James Theatre 1835-1838,St. James Theatre,London,England
https://api.bl.uk/metadata/iiif/ark:/81055/vdc_100022589024.0x000002/manifest.json,16661285,"Theatre Royal, Bath 1812-1818 (Vol. 1)","Theatre Royal, Bath",Bath,England
https://api.bl.uk/metadata/iiif/ark:/81055/vdc_100022589030.0x000002/manifest.json,16661285,"Theatre Royal, Bath 1812-1818 (Vol. 2)","Theatre Royal, Bath",Bath,England
https://api.bl.uk/metadata/iiif/ark:/81055/vdc_100022589026.0x000002/manifest.json,16661327,"Theatre Royal, Bath 1824-1830 (Vol. 1)","Theatre Royal, Bath",Bath,England
https://api.bl.uk/metadata/iiif/ark:/81055/vdc_100022589032.0x000002/manifest.json,16661327,"Theatre Royal, Bath 1824-1830 (Vol. 2)","Theatre Royal, Bath",Bath,England
https://api.bl.uk/metadata/iiif/ark:/81055/vdc_100022589034.0x000002/manifest.json,16661328,"Theatre Royal, Bath 1831-1840 (Vol. 1)","Theatre Royal, Bath",Bath,England
https://api.bl.uk/metadata/iiif/ark:/81055/vdc_100022589042.0x000002/manifest.json,16661328,"Theatre Royal, Bath 1831-1840 (Vol. 2)","Theatre Royal, Bath",Bath,England
https://api.bl.uk/metadata/iiif/ark:/81055/vdc_100022589028.0x000002/manifest.json,16661326,"Theatre Royal, Bath 1834-1840 (Vol. 1)","Theatre Royal, Bath",Bath,England
https://api.bl.uk/metadata/iiif/ark:/81055/vdc_100022589048.0x000002/manifest.json,16661326,"Theatre Royal, Bath 1834-1840 (Vol. 2)","Theatre Royal, Bath",Bath,England
https://api.bl.uk/metadata/iiif/ark:/81055/vdc_100022589036.0x000002/manifest.json,16661329,"Theatre Royal, Bath 1841-1851 (Vol. 1)","Theatre Royal, Bath",Bath,England
https://api.bl.uk/metadata/iiif/ark:/81055/vdc_100022589040.0x000002/manifest.json,16661329,"Theatre Royal, Bath 1841-1851 (Vol. 2)","Theatre Royal, Bath",Bath,England
https://api.bl.uk/metadata/iiif/ark:/81055/vdc_100022589058.0x000002/manifest.json,16661331,"Theatre Royal, Birmingham 1806-1809","Theatre Royal, Birmingham",Birmingham,England
https://api.bl.uk/metadata/iiif/ark:/81055/vdc_100022589056.0x000002/manifest.json,16661332,"Theatre Royal, Birmingham 1810-1812 (Vol. 1)","Theatre Royal, Birmingham",Birmingham,England
https://api.bl.uk/metadata/iiif/ark:/81055/vdc_100022589062.0x000002/manifest.json,16661332,"Theatre Royal, Birmingham 1810-1812 (Vol. 2)","Theatre Royal, Birmingham",Birmingham,England
https://api.bl.uk/metadata/iiif/ark:/81055/vdc_100022589052.0x000002/manifest.json,16661333,"Theatre Royal, Birmingham 1813-1815 (Vol. 1)","Theatre Royal, Birmingham",Birmingham,England
https://api.bl.uk/metadata/iiif/ark:/81055/vdc_100022589054.0x000002/manifest.json,16661333,"Theatre Royal, Birmingham 1813-1815 (Vol. 2)","Theatre Royal, Birmingham",Birmingham,England
https://api.bl.uk/metadata/iiif/ark:/81055/vdc_100022589064.0x000002/manifest.json,16661334,"Theatre Royal, Birmingham 1831-1835 (Vol. 1)","Theatre Royal, Birmingham",Birmingham,England
https://api.bl.uk/metadata/iiif/ark:/81055/vdc_100022589238.0x000002/manifest.json,16661334,"Theatre Royal, Birmingham 1831-1835 (Vol. 2)","Theatre Royal, Birmingham",Birmingham,England
https://api.bl.uk/metadata/iiif/ark:/81055/vdc_100022589044.0x000002/manifest.json,16661336,"Theatre Royal, Bristol 1819-1823 (Vol. 1)","Theatre Royal, Bristol",Bristol,England
https://api.bl.uk/metadata/iiif/ark:/81055/vdc_100022589060.0x000002/manifest.json,16661336,"Theatre Royal, Bristol 1819-1823 (Vol. 2)","Theatre Royal, Bristol",Bristol,England
https://api.bl.uk/metadata/iiif/ark:/81055/vdc_100022589088.0x000002/manifest.json,16661337,"Theatre Royal, Dublin 1825-1829 (Vol. 1)","Theatre Royal, Dublin",Dublin,England
https://api.bl.uk/metadata/iiif/ark:/81055/vdc_100022589298.0x000002/manifest.json,16661337,"Theatre Royal, Dublin 1825-1829 (Vol. 2)","Theatre Royal, Dublin",Dublin,England
https://api.bl.uk/metadata/iiif/ark:/81055/vdc_100022589066.0x000002/manifest.json,16661338,"Theatre Royal, Dublin 1830-1839 (Vol. 1)","Theatre Royal, Dublin",Dublin,England
https://api.bl.uk/metadata/iiif/ark:/81055/vdc_100022589074.0x000002/manifest.json,16661338,"Theatre Royal, Dublin 1830-1839 (Vol. 2)","Theatre Royal, Dublin",Dublin,England
https://api.bl.uk/metadata/iiif/ark:/81055/vdc_100022589180.0x000002/manifest.json,16661412,"Theatre Royal, Edinburgh and Theatre Royal, Perth 1825","Theatre Royal, Edinburgh and Theatre Royal, Perth",Edinburgh and Perth,England
https://api.bl.uk/metadata/iiif/ark:/81055/vdc_100022589150.0x000002/manifest.json,16661387,"Theatre Royal, Hull 1801-1807","Theatre Royal, Hull",Hull,England
https://api.bl.uk/metadata/iiif/ark:/81055/vdc_100022589156.0x000002/manifest.json,16661388,"Theatre Royal, Hull 1807-1814","Theatre Royal, Hull",Hull,England
https://api.bl.uk/metadata/iiif/ark:/81055/vdc_100022589140.0x000002/manifest.json,16661389,"Theatre Royal, Hull 1815-1816","Theatre Royal, Hull",Hull,England
https://api.bl.uk/metadata/iiif/ark:/81055/vdc_100022589142.0x000002/manifest.json,16661390,"Theatre Royal, Hull 1816-1817","Theatre Royal, Hull",Hull,England
https://api.bl.uk/metadata/iiif/ark:/81055/vdc_100022589144.0x000002/manifest.json,16661391,"Theatre Royal, Hull 1818-1819","Theatre Royal, Hull",Hull,England
https://api.bl.uk/metadata/iiif/ark:/81055/vdc_100022589172.0x000002/manifest.json,16661409,"Theatre Royal, Hull 1821-1822","Theatre Royal, Hull",Hull,England
https://api.bl.uk/metadata/iiif/ark:/81055/vdc_100022589170.0x000002/manifest.json,16661393,"Theatre Royal, Hull 1822-1823","Theatre Royal, Hull",Hull,England
https://api.bl.uk/metadata/iiif/ark:/81055/vdc_100022589168.0x000002/manifest.json,16661410,"Theatre Royal, Hull 1825-1826","Theatre Royal, Hull",Hull,England
https://api.bl.uk/metadata/iiif/ark:/81055/vdc_100022589162.0x000002/manifest.json,16661411,"Theatre Royal, Hull 1826-1827","Theatre Royal, Hull",Hull,England
https://api.bl.uk/metadata/iiif/ark:/81055/vdc_100022589160.0x000002/manifest.json,16661398,"Theatre Royal, Hull 1827-1830","Theatre Royal, Hull",Hull,England
https://api.bl.uk/metadata/iiif/ark:/81055/vdc_100022589070.0x000002/manifest.json,16661369,"Theatre Royal, Liverpool 1773-1781 (Vol. 1)","Theatre Royal, Liverpool",Liverpool,England
https://api.bl.uk/metadata/iiif/ark:/81055/vdc_100022589072.0x000002/manifest.json,16661369,"Theatre Royal, Liverpool 1773-1781 (Vol. 2)","Theatre Royal, Liverpool",Liverpool,England
https://api.bl.uk/metadata/iiif/ark:/81055/vdc_100022589080.0x000002/manifest.json,16661340,"Theatre Royal, Liverpool 1820-1822 (Vol. 1)","Theatre Royal, Liverpool",Liverpool,England
https://api.bl.uk/metadata/iiif/ark:/81055/vdc_100022589086.0x000002/manifest.json,16661340,"Theatre Royal, Liverpool 1820-1822 (Vol. 2)","Theatre Royal, Liverpool",Liverpool,England
https://api.bl.uk/metadata/iiif/ark:/81055/vdc_100022589076.0x000002/manifest.json,16661341,"Theatre Royal, Liverpool 1823-1825 (Vol. 1)","Theatre Royal, Liverpool",Liverpool,England
https://api.bl.uk/metadata/iiif/ark:/81055/vdc_100022589078.0x000002/manifest.json,16661341,"Theatre Royal, Liverpool 1823-1825 (Vol. 2)","Theatre Royal, Liverpool",Liverpool,England
https://api.bl.uk/metadata/iiif/ark:/81055/vdc_100022589082.0x000002/manifest.json,16661370,"Theatre Royal, Manchester 1793-1808 (Vol. 1)","Theatre Royal, Manchester",Manchester,England
https://api.bl.uk/metadata/iiif/ark:/81055/vdc_100022589084.0x000002/manifest.json,16661370,"Theatre Royal, Manchester 1793-1808 (Vol. 2)","Theatre Royal, Manchester",Manchester,England
https://api.bl.uk/metadata/iiif/ark:/81055/vdc_100022589158.0x000002/manifest.json,16661399,"Theatre Royal, Margate 1796-1797","Theatre Royal, Margate",Margate,England
https://api.bl.uk/metadata/iiif/ark:/81055/vdc_100022589090.0x000002/manifest.json,16661373,"Theatre Royal, Stafford 1796-1835 (Vol. 1)","Theatre Royal, Stafford",Stafford,England
https://api.bl.uk/metadata/iiif/ark:/81055/vdc_100022589098.0x000002/manifest.json,16661373,"Theatre Royal, Stafford 1796-1835 (Vol. 2)","Theatre Royal, Stafford",Stafford,England
https://api.bl.uk/metadata/iiif/ark:/81055/vdc_100022589194.0x000002/manifest.json,16661386,"Theatre Royal, York 1782-1849 (Vol. 1)","Theatre Royal, York",York,England
https://api.bl.uk/metadata/iiif/ark:/81055/vdc_100022589196.0x000002/manifest.json,16661386,"Theatre Royal, York 1782-1849 (Vol. 2)","Theatre Royal, York",York,England
https://api.bl.uk/metadata/iiif/ark:/81055/vdc_100022589126.0x000002/manifest.json,16661385,"Theatre, Drayton 1795-1844 (Vol. 1)","Theatre, Drayton",Drayton,England
https://api.bl.uk/metadata/iiif/ark:/81055/vdc_100022589130.0x000002/manifest.json,16661385,"Theatre, Drayton 1795-1844 (Vol. 2)","Theatre, Drayton",Drayton,England
https://api.bl.uk/metadata/iiif/ark:/81055/vdc_100022589138.0x000002/manifest.json,16661396,"Theatre, King's Lynn 1764-1772","Theatre, King's Lynn",King's Lynn,England
https://api.bl.uk/metadata/iiif/ark:/81055/vdc_100022589166.0x000002/manifest.json,16661403,"Theatre, Portsmouth 1781-1782","Theatre, Portsmouth",Portsmouth,England
https://api.bl.uk/metadata/iiif/ark:/81055/vdc_100022589164.0x000002/manifest.json,16661413,"Theatre, Scarborough 1784-1846","Theatre, Scarborough",Scarborough,England
https://api.bl.uk/metadata/iiif/ark:/81055/vdc_100022589182.0x000002/manifest.json,16661402,Windsor Castle 1849-1861 (Royal Entertainment),Windsor Castle,Windsor,England
